Phone Number,Domain Name,Bytes Upload,Bytes Download
987-7775,www.quora.com,27279.212306586258,42983.39819607047
987-7775,www.snapchat.com,28701.82698331931,38074.01017956984
987-7775,www.tiktok.com,59398.30472932819,64384.944793269526
987-7775,www.linkedin.com,30180.686382386444,30552.896277507734
987-7775,www.whatsapp.com,30443.362297983113,30787.390863163593
987-7775,www.discord.com,42002.09938152948,29399.365558343787
987-7775,www.reddit.com,47211.702908719344,47152.30877555304
987-7775,essediessespa.it,637.5946756884504,465.2163065832265
987-7775,www.youtube.com,46336.33280557133,61927.357475637764
987-7775,jobfinder.pt,547.8949659830085,779.493016569431
987-7775,www.tumblr.com,49121.977422869,37453.7045799385
987-7775,fieldandtrek.com,235.35627190480946,323.83855108001245
987-7775,www.instagram.com,16954.28650370291,18160.226628580353
987-7775,www.signal.com,11066.774080410076,28135.12843622802
987-7775,kleintools.com,332.10341908555154,454.08830488731076
987-7775,xn--h1abigchvh.xn--p1ai,316.8047249243737,275.5072618876903
987-7775,digitroll.com,996.5942594705175,879.2014603320705
987-7775,savage-sims.tumblr.com,865.6993073794744,729.9705598345151
987-7775,www.telegram.com,23225.21976000247,29277.781861334577
987-7775,www.facebook.com,30809.924766276905,22536.928729825915
987-7775,tissotshop.com,884.803753146011,348.68316844660205
987-7775,cbsstore.com,57.90647846957331,818.6252602234565
987-7775,geert-hofstede.com,450.85030040937346,943.943913691221
987-7775,samsunggeeks.com,157.3404584883099,8.949484100694294
987-7775,dietpower.com,28.043959114558703,490.6073822500534
987-7775,workrecords.com,30.24948627093027,886.6055325997227
987-7775,www.twitter.com,27177.275597843738,23004.98202126168
987-7775,lettreaudiovisuel.com,359.1002449350627,592.5532963415307
987-7775,bcdemocratonline.com,943.4977573352029,402.7177705988865
987-7775,lasante.net,192.23562860721233,317.1502984032579
987-7775,marius-fabre.com,997.7120709523585,437.59550068686605
987-7775,progresser-en-informatique.com,239.46972455060478,269.59527377178983
987-7775,jafarkhalighi.com,541.6028168414274,797.2202590807074
987-7775,come-on.de,258.9513574276335,514.7977342811785
987-7775,sonidosmp3gratis.com,842.994705495464,397.43342964635343
987-7775,leaftaps.com,579.1504994523254,343.27942448317714
987-7775,wellstarcareers.org,640.8377825749394,396.09932841833376
987-7775,nicevaping.com,531.6638163967779,746.735624500244
987-7775,governmentjobs2015.com,314.0179985937799,108.12800782386844
987-7775,fulledu.ru,967.7539325891099,99.1005749566607
987-7775,codinglabs.org,342.0295264995549,191.14987590603906
987-7775,vova-91.livejournal.com,738.4109646110209,758.3190411466888
987-7775,secureservernet-my.sharepoint.com,782.0344384040724,655.3486493233016
987-7775,kirklandhonda.com,967.0673121977233,646.6621404529667
987-7775,poyov.com,176.16837386374752,465.2071354995402
987-7775,isth2017.org,533.7146710706277,880.5111873572405
987-7775,freetarotcardreadingsonline.com,893.5766583721232,464.7889634730423
987-7775,jabri.ovh,567.137946031317,176.91889145880336
987-7775,sriramsias.com,782.427740922888,764.407473250632
987-7775,heretical.com,47.482060520394384,250.7570115803237
987-7775,catdumb.com,257.11895359431225,239.99688263898057
987-7775,dsport.ir,13.166133602383724,269.14984071125724
987-7775,naturalsociety.com,209.63870504057235,954.5680100381489
778-9787,www.quora.com,40985.58749408374,55665.23005431008
778-9787,www.snapchat.com,64174.152571786864,50519.433039034026
778-9787,www.tiktok.com,23935.586835036207,26005.621375232804
778-9787,www.linkedin.com,11118.699319543006,30128.676800137182
778-9787,www.whatsapp.com,28104.170712423806,20193.299830401003
778-9787,www.discord.com,26756.74303475394,46837.35235053774
778-9787,www.reddit.com,36406.288542323164,37843.577936867354
778-9787,www.youtube.com,26199.29049677577,33305.596265344335
778-9787,www.tumblr.com,38529.242298760815,39599.481269066026
778-9787,www.instagram.com,15212.700518849448,16162.119732956013
778-9787,www.signal.com,33913.720860644135,19760.73909944379
778-9787,www.telegram.com,58580.444696208695,50821.6025607737
778-9787,www.facebook.com,22352.788761489934,23653.62655236856
778-9787,www.twitter.com,50049.29551578827,50181.21979253425
778-9787,teambooking.dk,117.76571125864143,932.1728103869222
778-9787,44vs.com,995.0519409546282,35.078505233745894
778-9787,perfu.me,7.194351156059597,797.0480419944381
778-9787,double-entry-bookkeeping.com,479.5020219403414,295.594914170033
778-9787,vidaesperanzayverdad.org,120.02100739539922,536.404760398798
778-9787,web4link.com,365.8836878731726,886.1739260207738
778-9787,venture-caravans.com,374.45679990484484,866.0133520552919
778-9787,carajput.com,253.28316255466765,306.2298010272193
778-9787,nailedhard.com,636.0003775870947,139.64419910536395
778-9787,arumania.hu,991.9278529412476,153.0863955416567
778-9787,kids-models.ru,979.7331009921339,431.85791147321106
778-9787,pocket-concierge.jp,955.9054981710567,410.16474489848207
778-9787,ajieigo.com,969.318940404607,471.6197477018872
778-9787,menytimes.blogspot.mx,140.27890085108086,129.30663637594918
778-9787,mynakedteens.com,418.2567498282422,170.42616084830652
778-9787,shopepk.com.co,909.5778483158377,118.15406756098434
778-9787,vigortv.net,643.3155802437677,858.3142932073471
778-9787,crimelibaray.com,18.442502502677538,640.8910754377505
778-9787,wordans.at,32.23396527328304,566.6384701848291
778-9787,wrestlenews.net,1.116580315797755,61.96888863894656
778-9787,footballparadise.com,351.99954616845986,839.9452525443073
778-9787,yolcu360.com,157.16717340457797,121.33340635563128
778-9787,goodcoffee.me,815.6627174010711,695.5335557017676
778-9787,bigmoneygun.net,492.5148717317621,338.26700210644265
778-9787,yxdh.com,589.7351557123625,92.38330689060025
778-9787,shinmoongo.net,542.6387742728933,588.2344060601986
778-9787,ctbclife.com,293.7120903679342,979.0825112359574
996-7866,www.brave.com,71764.09827134917,62439.057856176514
996-7866,www.yahoosearch.com,70824.83126870233,58939.603423917455
996-7866,www.startpage.com,66124.73293104701,66440.53494653468
996-7866,fynbus.dk,869.5754775710491,634.7089959996066
996-7866,c24.ee,394.6869990311906,338.0169943871275
996-7866,www.bing.com,42036.76446398918,51275.71759179063
996-7866,vaysport.com,258.7077788351043,672.629393268036
996-7866,www.google.com,71501.61107610154,69486.82078161342
996-7866,www.wiki.com,53550.809153879745,45294.2149949109
996-7866,dezain.net,111.65360592095075,163.96950303662427
996-7866,inlez.com,437.6070007057942,196.4681712913523
996-7866,thefamilybridge.net,474.1734682215869,236.70125875007665
996-7866,kamery.pl,236.90076838436758,854.6145351923379
996-7866,netstoredirect.com,211.3196135159906,752.8416949473716
996-7866,marionettejs.com,788.7324486434578,726.2718432921799
996-7866,nowre.com,491.8529213739311,479.1444608121833
996-7866,nowfloats.com,85.87910519536467,989.8384052971932
996-7866,kwsk-antena.com,978.4184106788285,267.25767809499837
996-7866,passion-histoire.net,755.6206425160241,268.5108695877887
996-7866,eletforma.hu,704.7632618846212,926.5010838391737
996-7866,amicorp.com,113.68631986875621,581.6329304238837
996-7866,newsfood.com,336.9569982777932,605.6127641177666
996-7866,clasiguia.com,653.0424268211603,986.443165380334
996-7866,torbe.es,729.6617549997262,393.77457455319865
788-6557,www.quora.com,44930.765982523975,40881.80957652685
788-6557,www.snapchat.com,51749.80667800164,44667.18719628986
788-6557,www.tiktok.com,54484.05700197939,57554.214782642564
788-6557,www.linkedin.com,35028.9799520501,27477.71306556452
788-6557,www.whatsapp.com,43932.35511345646,28877.299693612942
788-6557,www.discord.com,46071.4734401998,41624.18018686019
788-6557,www.reddit.com,13627.657321236264,16965.215278642823
788-6557,www.youtube.com,34285.9546113138,29626.93984858646
788-6557,www.tumblr.com,35000.71606987917,24128.821836991578
788-6557,www.instagram.com,42123.524078023955,33940.346062564706
788-6557,www.signal.com,15007.316495092793,32595.773061074644
788-6557,www.telegram.com,31175.711086801155,41787.44210996366
788-6557,www.facebook.com,41142.3101431417,44469.51110486715
788-6557,www.twitter.com,28694.283192712275,20149.810684262782
788-6557,realmoms.com,686.5126510642194,568.2628431173483
788-6557,gudang-sport.com,981.7318939318155,512.3158031447937
788-6557,medisearch.kr,340.99749960464885,910.4611102489652
788-6557,smsyun.com,655.9367846790399,736.3030350651899
788-6557,hoztovar.ru,955.5463202079666,301.3111703065762
788-6557,kitty-bridge.com,774.3141946688081,480.8880276065004
788-6557,bolaschinasymas.es,332.74681187774127,690.7287207784931
788-6557,rockmystyle.co.uk,979.2323455781946,154.7722256966222
788-6557,arkot.com,78.4357070885755,912.6632122549443
788-6557,westpac.co.nz,743.0786062246592,624.5910161711781
788-6557,shadowspear.com,231.3152587337125,911.9426249929235
788-6557,appleservicecenter.net,108.53178914239592,734.2426863461457
788-6557,union3.info,782.5837722051167,907.7690083405538
788-6557,oknoplast.it,330.6344743763187,240.11769281184826
788-6557,hometogo.com.au,647.6174504314216,101.36934893028571
788-6557,sefi.pf,854.0599564680717,166.57031665429022
788-6557,torrents-online.pl,322.6510874363282,341.9275001648645
788-6557,p1c.online,734.7468644983222,788.3909764554777
788-6557,stadtbranche.de,263.51868101750495,238.5846703598299
788-6557,eu-bluecard.com,451.4909878825427,103.81559826706366
788-6557,digitalvirtue.net,291.85064634482296,863.737309365503
788-6557,persian-st.com,598.8748344298144,696.7961554253278
788-6557,members.io,260.38606781023464,321.18704770215555
788-6557,broadbandguide.com.au,472.1616825970265,883.5360027827536
788-6557,paintyourlife.com,783.1055699051584,281.6416685215007
788-6557,mtgcardmarket.com,784.9299434429456,884.2507179050681
788-6557,grandslamedia.com,221.53448532575948,823.9793167101799
788-6557,store-playstation.com,545.252616856166,34.890291500543235
788-6557,watv.org,267.9393574502437,403.36319766214456
788-6557,adviso.ca,155.07588072256283,231.28130509700918
788-6557,bestbus.in,876.8151057261638,338.5441202892221
788-6557,bootstrapstudio.io,828.7568090919451,913.9907125186265
788-6557,trustnokogiri.com,715.9545095125591,780.3791632784885
788-6557,hnz.com.cn,720.7968082700054,182.32928293417717
788-6557,itiexue.net,593.7645348500415,656.7619964881584
788-6557,yotsuba-web.com,355.3524182286051,900.1748781746693
788-6557,cafetasisat.com,493.36793521917133,483.6903406991283
788-6557,aimontefiore.org,633.4464814228377,685.8492371538458
788-6557,smartbuyglasses.com.hk,865.8841525922221,669.6944270370919
788-6557,xxlbasketball.com.tw,915.8682618397786,382.07953675073156
788-6557,periodliving.co.uk,463.5462230177775,826.4978437734003
788-6557,radian.biz,153.93834852144218,186.47867115632434
788-6557,bvtreal.sk,531.6564503143463,55.616306037832516
788-6557,pikipruukki.com,599.872690353438,183.38824748285364
788-6557,jetb.co.jp,73.08670997886647,549.9339962190148
985-9755,www.quora.com,42417.555060850296,47747.31695838701
985-9755,www.snapchat.com,56872.275793376386,78145.4224595348
985-9755,www.tiktok.com,45313.59407671571,50672.55724364832
985-9755,www.linkedin.com,30946.91873160138,32137.075204669683
985-9755,www.whatsapp.com,30395.145366212946,33188.39085387327
985-9755,www.discord.com,34782.72652909203,27008.638670148743
985-9755,www.reddit.com,41363.384670672,65248.14244707019
985-9755,www.youtube.com,75635.10532949465,61944.644973640054
985-9755,www.tumblr.com,41372.433139084475,61082.726466181746
985-9755,www.instagram.com,38919.07261295778,55970.753851205634
985-9755,www.signal.com,20686.053802182323,42078.11073823249
985-9755,www.telegram.com,44589.491788735824,51526.047119822586
985-9755,www.facebook.com,28459.952334476606,26220.292165774015
985-9755,www.twitter.com,52118.93783911619,37751.84382639719
985-9755,ramadanmonth.com,215.1408259917078,971.7168183599131
985-9755,32impulsa-ot-metatrona.ru,476.28533914288676,504.21440846290653
985-9755,synest.net,915.3783796090878,598.8274694309933
985-9755,fluidtopics.net,302.4172853939716,767.6184536539042
985-9755,socalchrist.com,836.6446309295421,193.7172962613518
985-9755,newsbeat.pk,372.5942979241148,947.3845485756453
985-9755,theukcardsassociation.org.uk,507.2311296276648,86.29601694566702
985-9755,pagamentosicuro.eu,372.37998511955004,667.1697394511286
985-9755,searchtab.win,41.55354525761534,95.25740124532712
985-9755,univresultsonline.com,865.3951640714502,157.77375175685404
985-9755,go.java,672.9111827361579,2.526757365626242
985-9755,goodmenproject.com,979.8147553569826,61.995360930721446
985-9755,kesion.com,445.66188444720746,237.2228662697661
985-9755,solosequenosenada.com,931.9402076455666,117.33242459196114
985-9755,fungroup.ro,810.5967043929188,935.5874462192878
985-9755,astralweb.com.tw,260.8565664686019,995.7963800498444
985-9755,tufisio.net,680.8849694456434,769.6596093547971
985-9755,ghostsnghouls.com,840.129463293497,609.9159360671559
985-9755,kadetade.com,245.6870315110683,92.43745416540116
985-9755,sportface.it,103.71885130978609,313.95931824008505
985-9755,saglamolun.az,459.6323152885329,435.36848320055987
985-9755,webmail.com,496.1772712776712,265.88222675482245
985-9755,swissluxury.com,0.4441391658707161,257.1439099844246
985-9755,filmkupu.com,546.3918528084198,579.3015704215566
985-9755,unimex.edu.mx,229.61388920387614,899.3628003326219
985-9755,volimaniak.com,9.472881068266492,327.62265200656446
985-9755,varagh.com,194.02858201085692,260.83429255099065
985-9755,thelavinagency.com,771.1262943619192,339.1728284151374
985-9755,posters.com,759.0175412190798,626.1478291461485
985-9755,nodeclipse.org,395.73975835212815,473.04575397302483
985-9755,exhibition.or.kr,331.9903309303537,501.5452486430254
985-9755,mplay3.fr,286.0773642796779,986.8097939155017
985-9755,hella.com,30.987484281736812,284.3588100018349
985-9755,ilbiellese.it,158.02892797709512,109.59250374078367
985-9755,t1shopper.com,609.3514674949874,825.9922111228872
985-9755,polymer-project.org,300.72715152964093,600.6940675711519
985-9755,bpiassetmanagement.com,509.28578819138835,441.713139218019
985-9755,carvenus.com,586.5584621629412,635.2717282958772
985-9755,storienogastronomiche.it,181.50348695091733,201.737259011883
985-9755,factorydirect.fr,605.4908505567661,901.9679972382976
985-9755,61learn.com,40.56667985020545,30.18856423252192
985-9755,besyoyeteneksinavlari.com,811.500875486645,436.56410999435735
985-9755,costa-rica-guide.com,781.1192171111454,718.2549950705227
985-9755,ahmednagar.gov.in,532.5416885584895,764.228903738009
985-9755,booramaonline.net,675.6179369319287,563.2934273838132
985-9755,casas.org,653.9001824409628,657.081019357264
985-9755,im-hotel.ru,653.2792216439078,747.5935759199241
985-9755,shazam-online.ru,114.45115247903037,74.07604267556633
985-9755,parsian-bank.ir,324.40365922745474,971.2066644602816
985-9755,abb.com.cn,257.3210247992532,945.8792640895921
985-9755,colmeia.blog.br,678.2796516495318,59.41770524476064
985-9755,watersmart.com,744.454994261218,655.2622209542218
985-9755,daniivanov.blogspot.bg,417.3413341092742,326.44391200142275
985-9755,photogize.com,96.99784546273271,464.3015440017938
787-7777,www.quora.com,64827.047977293674,54744.88810160573
787-7777,www.snapchat.com,37465.46251347725,47665.12176420135
787-7777,www.tiktok.com,65862.27906755015,47699.903635724535
787-7777,www.linkedin.com,31587.384199524677,27386.02751247249
787-7777,www.whatsapp.com,34400.355038013164,30625.158692372
787-7777,www.discord.com,42277.97721949252,29246.802353101026
787-7777,www.reddit.com,52000.34916097689,64228.19771493572
787-7777,www.youtube.com,29111.13439014618,31784.43054312555
787-7777,www.tumblr.com,31560.529862054573,35048.49977761132
787-7777,www.instagram.com,44013.236257227545,63695.200546501925
787-7777,www.signal.com,37179.246596353754,29191.19662495159
787-7777,www.telegram.com,35525.79930339082,38313.96123191386
787-7777,www.facebook.com,60722.310487711715,42385.95121614813
787-7777,www.twitter.com,46306.806002170175,46658.7995803413
787-7777,brick7.com.pe,581.1418196144974,797.2480827071522
787-7777,singaporeexpats.com,759.2169505605397,89.12201130944408
787-7777,hirschmann-js.com,254.8639034218697,568.2237463838499
787-7777,infokanlah.com,373.62248299178805,582.9176900849644
787-7777,bluetooth.org,461.9688764352841,536.3155141584059
787-7777,interunet.com,873.0502662277624,696.023759511277
787-7777,meetslut.tumblr.com,516.4384907439323,962.4098436169598
787-7777,rimg.info,293.50913932341984,687.6886205208534
787-7777,tvmoviesnet.com,491.9237845075508,872.6158183199997
787-7777,siamheng.com,121.40917004786111,201.39760751787716
787-7777,adidas.com.hk,316.31517202698336,932.0009743023344
787-7777,shemaletopvideo.com,541.320607909182,981.6949975161319
787-7777,megaastral.com,458.15077009382486,20.906506895910894
787-7777,ayurvediccure.com,820.3909253660083,937.338902129474
787-7777,archiposn.com,45.55558378766433,893.8322777526108
787-7777,americo.com,69.8451583312778,456.03494180014934
787-7777,orangecountygov.com,114.89209874764627,473.05261801361775
787-7777,cadnav.com,393.124324954228,524.8697795848075
787-7777,vitacart.com,247.07896471180013,49.55414322611929
787-7777,thegioibalo.net,867.5095155505481,626.9241552801944
787-7777,culturaldiplomacy.org,888.8137895715153,371.9177409624668
787-7777,deep.social,648.3911162377243,142.0614929892564
787-7777,s4galaxy.ru,442.7097043968309,136.24720128359846
787-7777,afsfitness.com,256.7256481571265,230.66943454320577
787-7777,landigo.cz,24.707958199553627,282.39618504643994
787-7777,lotmobiles.com,650.9207600607169,405.38041476211083
787-7777,steveninsales.com,534.6900210773633,851.933680302334
787-7777,officecentral.asia,104.1942636882125,295.36777850079756
787-7777,best-wall.ir,6.77174428657068,977.6955636729558
787-7777,phrasemix.com,871.0890653423887,25.74374284607528
787-7777,egov.sy,132.8538155630803,241.16781643555996
787-7777,valutakurser.dk,922.310279477937,643.9422142103308
787-7777,turkmenexporters.com,442.3116534903829,345.98174508840617
787-7777,illionaire.kr,497.8133125648997,471.6619921161764
787-7777,dm123.cn,685.1193296965484,35.6776670050295
787-7777,gnway.org,100.24285406126121,395.8632268492162
759-7577,www.quora.com,24825.317464416767,16926.069675259838
759-7577,www.snapchat.com,53647.31391214609,63756.562482279725
759-7577,www.tiktok.com,54707.381726454216,43987.149315277886
759-7577,www.linkedin.com,26937.038451529053,33921.331781209345
759-7577,www.whatsapp.com,30073.465173424232,48180.084187255314
759-7577,www.discord.com,40318.9848553049,32820.67323578194
759-7577,www.reddit.com,43732.60685332667,41125.2062644405
759-7577,www.youtube.com,28647.31043706793,51224.21457244066
759-7577,www.tumblr.com,47168.469079767405,43958.68616304989
759-7577,www.instagram.com,41028.07840269853,31133.081878674948
759-7577,www.signal.com,71781.13312263704,55880.993270067185
759-7577,www.telegram.com,50622.68692229161,40088.524428290264
759-7577,www.facebook.com,15523.705250357734,27328.121640363093
759-7577,www.twitter.com,37926.30109791141,41417.40291296269
759-7577,fcnantes.fr,674.0106753055801,426.1741263529647
759-7577,sollersconsulting.sharepoint.com,380.40567979009745,481.24424611620066
759-7577,connectifier.com,727.3316673280927,947.788835111029
759-7577,asahi-aaa.com,879.3757723552819,54.346112832592055
759-7577,cinref.ru,779.4520440127,170.6177739841206
759-7577,4vsar.ru,23.593080481090322,439.5707846780668
759-7577,tonyagai.info,120.42928250484819,764.1255151285806
759-7577,il2sturmovik.com,300.84417070252744,229.11816541305606
759-7577,stanbicibtcpension.com,363.20903683907216,890.9446613196595
759-7577,avtime.tv,426.62795689377333,280.4077668131669
759-7577,dukegotube.com,314.5433209173194,717.8222235999432
759-7577,netflixcodes.me,322.5068280053703,956.1921241227822
759-7577,accenturehrservices.it,414.2206181046366,733.5469574057727
759-7577,yurion.net,231.35883187766592,835.2542404746498
759-7577,mashrou7.com,255.1414385102536,266.7333930793455
759-7577,shopwalkinlove.com,571.2355326731591,380.1920375560414
759-7577,meteobelgique.be,115.91773267934946,445.5194882684487
759-7577,taima.tv,361.07400695623795,351.4792047743144
759-7577,tsawq.net,715.3765014900238,73.91414892878633
759-7577,theclubmap.com,71.60379759057622,326.1041845435546
759-7577,peoplesgasdelivery.com,587.8194181593009,601.8503299022736
759-7577,preferente.com,595.950355924559,269.19406244353297
759-7577,efsbi.com,915.032326260397,467.2269525758822
759-7577,flashdrive-repair.com,161.89430692333485,900.2085566878764
759-7577,jinmashuma.tmall.com,859.8018089224107,660.8525267516584
759-7577,lae-cosm.com,652.7901402279521,748.3853578856376
759-7577,spiral.co.jp,493.8673726205601,984.0880166498966
759-7577,lacentraledefinancement.fr,592.9488241593131,964.8318578137528
759-7577,shelmedia.ru,53.550848409738336,493.6709419560238
759-7577,theatricalrights.com,40.0316665273005,800.8533487491231
759-7577,deliveryservice.pl,430.30067911265104,229.6346940979035
759-7577,travelpartners.in,87.77789437586058,83.74690851235033
759-7577,khoshforoosh.com,135.71563029811296,965.5901161698721
759-7577,hentaixploit.com,190.54398008639484,298.42022767872544
759-7577,thewebvendor.com,246.24290791612867,834.98960772307
799-9777,www.quora.com,21367.464440869,24612.072496582994
799-9777,www.snapchat.com,34569.673559353476,31075.303331665295
799-9777,www.tiktok.com,23951.906819549524,27410.360954095308
799-9777,www.linkedin.com,30375.529896606004,43536.793226236565
799-9777,www.whatsapp.com,52048.54135559351,54562.75976247347
799-9777,www.discord.com,46154.35220244433,44695.54386285489
799-9777,www.reddit.com,48469.72499231309,46041.94672239243
799-9777,www.youtube.com,62456.80836616716,47117.938093765566
799-9777,www.tumblr.com,43673.15080297721,40780.55014430251
799-9777,www.instagram.com,47772.93001915401,36622.53490681885
799-9777,www.signal.com,29769.008988348374,33841.09546040346
799-9777,www.telegram.com,48858.30781619735,44954.57781127986
799-9777,www.facebook.com,43087.755261407794,38677.034515566425
799-9777,www.twitter.com,30878.687053772475,40910.476749048816
799-9777,heylrealestate.com,762.5072633777968,602.1487435421135
799-9777,mixgaana.in,9.718080687044717,693.3623448482771
799-9777,shisha.jp,729.588638306221,910.8355388028242
799-9777,gotonight.ru,722.2157127530414,165.06454674643024
799-9777,megafilmestorrent.org,480.86131996521107,792.5540180995596
799-9777,parentingclub.co.id,480.66164083413634,347.63492681201035
799-9777,d24ar.com,389.2254083785677,144.57234539830623
799-9777,inta.es,642.6686617405832,344.8963849762465
799-9777,ccie-or-null.net,378.9500369740608,25.79602669078096
799-9777,tularegion.ru,246.42437279425457,761.3881950943133
799-9777,sexrura.com,765.8852436227373,214.59163241845368
799-9777,worldwidecases.myshopify.com,7.688743580105406,411.03693484783076
799-9777,prono-couple.com,621.3970275405405,663.5595004723103
799-9777,ignitedquotes.com,421.433264049769,202.48636809328391
799-9777,your8store.com,443.63600046617427,293.2395138323155
799-9777,navy.mil.gr,877.9976099772086,237.20312721178428
799-9777,changeonelife.ru,232.40278376342448,358.7459519634486
799-9777,todocoches.com,604.5853254769961,903.5087056514521
799-9777,tourismhamilton.com,810.1635405903262,956.9865912786995
799-9777,mycardinfo.com,981.9962765252775,161.6699780838584
799-9777,hirestube.com,39.85370610197458,725.5010807651787
799-9777,css3maker.com,30.485761963918723,89.47153865420742
799-9777,trafik.gov.tr,737.8532343495189,801.2199094678907
799-9777,onlamp.com,50.5181537970405,547.2525946589162
799-9777,httpstatus.io,290.54189729015536,64.29413280498997
799-9777,djkanji.com,574.7389025271334,716.0844172534978
799-9777,commercetools.com,278.87706298453696,624.7591981107224
799-9777,naukriforms.in,648.8257568127337,767.7675668416329
799-9777,storymg.de,319.21355021499863,248.6562514247469
799-9777,politics.co.uk,766.4391580309133,797.4131693047444
799-9777,signaturetheatre.org,620.018902864081,179.54909398176267
799-9777,lascimmiapensa.com,31.993407929640338,723.15039082989
799-9777,reparaturanleitung.info,659.4907240896481,981.9052985415013
799-9777,vlxxtv.net,117.30687292592512,486.42640004233886
799-9777,hdiphone6wallpaper.com,178.42011195933017,807.6936567573046
789-9887,www.snapchat.com,7095.860752549963,5666.038402900522
789-9887,www.whatsapp.com,6778.10653421238,966.9063923833365
789-9887,www.discord.com,7488.0127016698225,967.8275623392462
789-9887,www.youtube.com,7929.647955042846,5788.809214853032
789-9887,www.tumblr.com,13399.31972021384,4231.831777241994
789-9887,www.instagram.com,9823.53174396842,6685.549545758346
789-9887,www.signal.com,4085.3839259280057,6298.256119044977
789-9887,www.twitter.com,9457.333404246016,8887.4330441901
789-9887,www.brave.com,8669.473975851395,1103.1142471380274
789-9887,www.yahoosearch.com,7467.887804521246,795.1424509094452
789-9887,www.startpage.com,7668.66470235903,5567.2035076452685
789-9887,www.bing.com,2985.645185749609,4819.753827438841
789-9887,www.google.com,1083.0008310142891,4482.638783781848
789-9887,www.wiki.com,5860.699081904124,8688.793366852207
789-9887,zf678.com,874.4282454917451,4766.76869644096
789-9887,last-halloween.com,9792.087842342626,1712.2409746933808
789-9887,spankwirefreehd.com,5086.24209516062,416.5653075331088
789-9887,mem.ir,1853.3421316906552,3690.643730515468
789-9887,olympus.com.au,6392.950115764073,2983.2473859316756
789-9887,youscan.io,7957.146732523132,7395.727280405039
789-9887,noctrl.edu,3577.27102627469,7643.029847400474
789-9887,portacurtas.org.br,8518.938755490715,3786.431279403444
789-9887,visionbang.com,3276.5522690860826,8632.585564254172
789-9887,e-root.eu,9541.264385928002,2109.2702635542946
789-9887,drivy.de,2361.590305587006,8083.317848955868
789-9887,thailocalmeet.com,2985.0677374431357,5334.405864084729
789-9887,hdwallpapers.center,2498.071657114431,8977.294172613947
789-9887,oureverydaylife.com,373.48345806602623,142.31075953945015
789-9887,extly.com,8273.96088401472,4428.741912498975
789-9887,oroc.pt,5180.63844450255,5560.559171863451
789-9887,xxxmee.com,9048.074468582743,1530.654514894295
789-9887,bomgaars.com,2175.2906256636793,332.3296026666467
789-9887,appsrankings.com,4779.111660473479,7042.656331919057
789-9887,departdemain.com,187.98377929764354,6467.8067610081935
789-9887,iofbonehealth.org,7348.926190448766,6242.34923961713
789-9887,rent.com.au,1116.7259170432665,5191.898859868158
789-9887,servel.cl,8134.355915403815,1818.5678790345783
789-9887,lifestan.com,5014.78542217155,598.8854672737887
789-9887,tusdk.com,9340.244704611916,3967.8381950410935
789-9887,moso3a.net,560.6795265940501,3370.5143531469216
789-9887,usr.cn,1758.8348148571854,5684.489186311757
789-9887,enriqueoriol.com,2021.1726832331356,9191.048305847607
789-9887,livecraft.me,3890.9961919549164,4698.407590258606
789-9887,bemnafrente.com,8272.613686695602,2112.836461035238
789-9887,avon.com.sa,2062.9656540618103,48.1587199880662
789-9887,admailr.com,3460.521251850638,9589.710577680306
789-9887,onlinestore.it,6754.249581861577,1772.3304796998264
789-9887,xn----dtbhtbbrhebfpirq0k.xn--p1ai,1351.449514666415,4611.699178564337
789-9887,putumayo.com,5808.785641690737,7959.012301479466
789-9887,donaldtrumpus.com,788.7447445049156,6465.089718244178
789-9887,recurlyqa.com,4580.106073518702,9954.212573458157
789-9887,fangshukuaixiu.com,7386.1217065831415,8047.624011068195
789-9887,infodimanche.com,7569.676665169141,7568.341661153846
789-9887,deutschland-startet.de,4937.732692943068,3633.878490582804
789-9887,mindies.es,5496.1513256428725,6187.667464427613
789-9887,calculate-this.com,1920.5065631480068,3564.199064472314
789-9887,wimdu.pl,8229.93747135791,3123.941822439342
789-9887,survivinggrays.com,7360.267749830131,8539.293417797417
789-9887,lightingdesignexperts.com,4376.435956298874,9870.597472321288
789-9887,tyler-incode.com,5942.828991078156,3641.091081685901
789-9887,videobam.com,9702.103370986562,425.55744589527376
789-9887,herold.at,7062.3654786196,5410.930961904514
789-9887,sweetdealscumulus.com,3606.4635069280394,6002.874310128034
789-9887,sacre-coeur-montmartre.com,3576.542652667599,90.94894987229819
789-9887,esof.eu,9558.866227026076,8847.893851652925
789-9887,pixelmonservers.com,3537.6393177621158,319.3279775275837
789-9887,iste.co.uk,129.36502703785436,4536.00198606425
789-9887,arbitage.com,9766.589202124565,7856.687630970195
789-9887,rubenalamina.mx,8049.397616340367,8357.841579774835
789-9887,ytz.com,2046.6448869686471,8672.001192500551
789-9887,whocalled.co.in,9200.79756473208,4253.217986104767
789-9887,sayui.com,2201.878170418564,9265.160798406927
789-9887,cililian.me,1491.3593548800786,1853.2459683773307
789-9887,fapodrom.com,398.0141341100574,8135.247276305032
789-9887,sxgjj.com,3594.6158061436995,536.2096243885272
789-9887,venturetimes.jp,7587.58466899192,3808.8935068688866
789-9887,didit.com,7629.401465773203,7415.800949876769
789-9887,telecomsquare.hk,7400.867657908272,2850.9986797617103
789-9887,sexymusclegirls.com,2393.752323962819,6005.4041852657
789-9887,clickandsell.info,1397.7361456859571,8874.18868644335
789-9887,sayidaty24.net,5053.893004618031,3791.4839221144634
789-9887,moviedl2.us,7282.1713995483005,6013.623901011285
789-9887,activityshelter.com,3617.6977313221605,6983.059422727011
789-9887,haberciniz.biz,4533.221348437071,1189.851440117018
789-9887,il24.net,2479.3172225001613,23.84950135678188
789-9887,animalforsex.com,5272.794287834315,2469.220701924143
789-9887,ahuranews.com,7997.67683652636,6726.150017674238
789-9887,decompile.us,5947.496201484819,9304.284282267614
789-9887,degstu.com,6749.307380695526,7633.603513404185
789-9887,playpowerrangersgame.com,4746.971794780878,7493.209024515078
789-9887,bever.nl,5057.787580534905,3822.5654870343683
789-9887,megafilmeshd21.net,2274.5035906604016,4837.0968348986735
789-9887,dentaquest.com,8503.57823154282,1575.873379668874
789-9887,obsessionluxe.com,506.43145405952606,4181.136098239923
789-9887,sladan.com.ua,7921.642190662616,7627.618084024469
789-9887,sobrancelhadesenhada.com.br,8801.045364322767,4186.194781413211
789-9887,egfire.com,4209.025906053386,1944.5895295945236
789-9887,sqlead.com,919.9792732993039,226.0732897877049
789-9887,braininspired.net,4648.2786430505475,1698.02170851159
789-9887,zwzpy.com,7047.395761689489,8193.244403979641
789-9887,meshok.net,4919.579418574621,4039.5791977889394
789-9887,cs-quality.ru,1805.8581913142168,2565.357890069797
789-9887,creavea.es,8111.818186724516,4346.138863985255
789-9887,apilist.fun,7488.3593211618345,8344.797154485885
789-9887,saludesencial.org,386.63302172047054,7995.943772216499
789-9887,grutinetpro.com,5447.497370830402,4350.476521295187
789-9887,wulong9.com,1308.1392883047006,4326.355455312252
789-9887,washwasha.org,661.8028853375124,4685.602729199839
789-9887,ratb.ro,4634.365507137162,4020.245573006821
789-9887,themeanime.com,8208.056816128643,210.8394197881003
789-9887,betrush.com,4271.702187389534,2636.6104732196027
789-9887,zbroia.com.ua,1238.113370013445,9688.518822470018
789-9887,nileguide.com,3925.5560469122597,8167.495144228524
789-9887,animationfactory.com,4949.554629865357,6245.317424797044
789-9887,divinatix.com,4191.028586043064,5468.589343311039
789-9887,proncams.tv,4662.716436374835,2033.762249625617
789-9887,cncseries.ru,6300.393391680591,1120.5314262169586
789-9887,hitme.net.pl,3631.3601338920353,9483.75289150296
789-9887,designet.co.jp,9146.029950228129,1436.3590036073515
789-9887,joseferreira.com.br,6736.704989692273,3077.4637691463436
789-9887,kpmglinkworkforce.com,5592.928586227892,2773.5789441507354
789-9887,social-searcher.com,1859.3161920801504,8368.72866565845
789-9887,diatribe.org,3621.8035863384157,3455.243700956563
789-9887,fastpic.ru,8467.149580591273,1413.8566863555757
789-9887,5054399.com,8138.244057676179,5117.322608326117
789-9887,staroslav.ru,2107.2968289170744,1051.4264897500602
789-9887,gaypornmature.net,9831.818219734558,1333.786559514778
789-9887,mgtlocal.net,836.735952363784,2321.779000645445
789-9887,cgkv.ac.in,1208.955394642879,4568.241324428206
789-9887,sampi.co,2607.1454927624072,8282.121739508857
789-9887,programmiamo.altervista.org,3195.541545522967,7273.568675900647
789-9887,office1.bg,5522.964099252714,5497.412316884387
